City_ID,City,Lat,Lng,Max Temp,Humidity,Cloudiness,Wind Speed,Country,Date
0,perryville,37.7242,-89.8612,17.16,77,100,3.0,US,1682704800
1,tralee,52.2704,-9.7026,14.5,85,82,1.65,IE,1682704800
2,chonchi,-42.6128,-73.8092,14.1,92,98,5.59,CL,1682704800
3,queanbeyan,-35.35,149.2333,13.65,97,100,1.46,AU,1682704800
4,bethel,41.3712,-73.414,13.39,59,0,4.99,US,1682704800
5,port mathurin,-19.6833,63.4167,25.9,82,6,6.62,MU,1682704800
6,port-aux-francais,-49.35,70.2167,6.53,84,88,11.17,TF,1682704800
7,port alfred,-33.5906,26.891,20.49,90,27,3.37,ZA,1682704800
8,abong mbang,3.9833,13.1833,23.27,80,100,1.37,CM,1682704800
9,fortuna,40.5982,-124.1573,21.21,58,18,2.11,US,1682704800
10,kerikeri,-35.2268,173.9474,15.98,95,100,5.61,NZ,1682704800
11,ust-nera,64.5667,143.2,-8.81,99,89,0.68,RU,1682704800
12,adamstown,-25.066,-130.1015,24.31,73,99,4.67,PN,1682704800
13,talnakh,69.4865,88.3972,-9.33,89,63,0.94,RU,1682704800
14,nobres,-14.7203,-56.3275,31.75,56,4,0.57,BR,1682704800
15,bonthe,7.5264,-12.505,29.23,67,84,4.96,SL,1682704800
16,chernyakhovsk,54.6335,21.8156,4.87,70,64,2.24,RU,1682704800
17,conceicao da barra,-18.5933,-39.7322,28.02,65,86,3.56,BR,1682704800
18,iqaluit,63.7506,-68.5145,-0.17,86,100,4.42,CA,1682704800
19,magdagachi,53.45,125.8,-1.72,78,45,2.17,RU,1682704800
20,aasiaat,68.7098,-52.8699,-3.56,69,37,3.15,GL,1682704800
21,guane,22.2025,-84.0875,31.79,50,87,6.73,CU,1682704800
22,urengoy,65.9667,78.3667,-7.21,91,100,11.79,RU,1682704800
23,hawaiian paradise park,19.5933,-154.9731,23.71,91,0,2.57,US,1682704800
24,calvinia,-31.4707,19.776,13.63,52,90,2.18,ZA,1682704800
25,college,64.8569,-147.8028,2.54,63,75,1.14,US,1682704800
26,island harbour,50.724,-1.2758,16.9,79,100,4.1,GB,1682704800
27,cooma,-36.2333,149.1333,9.52,94,100,1.48,AU,1682704800
28,walvis bay,-22.9575,14.5053,17.9,71,0,8.36,NA,1682704800
29,avarua,-21.2078,-159.775,23.44,64,75,5.25,CK,1682704800
30,al artawiyah,26.5053,45.3444,27.44,15,0,4.11,SA,1682704800
31,wailua homesteads,22.0669,-159.378,21.61,91,100,2.87,US,1682704800
32,georgetown,5.4112,100.3354,26.26,94,20,2.18,MY,1682704800
33,waitangi,-43.9535,-176.5597,13.33,90,96,5.33,NZ,1682704800
34,new norfolk,-42.7826,147.0587,8.31,68,95,1.37,AU,1682704800
35,kruisfontein,-34.0033,24.7314,18.27,68,82,3.06,ZA,1682704800
36,hermanus,-34.4187,19.2345,17.67,69,7,5.03,ZA,1682704800
37,tazacorte,28.629,-17.9293,23.42,75,20,3.94,ES,1682704800
38,bilibino,68.0546,166.4372,-15.16,88,97,1.46,RU,1682704800
39,port elizabeth,-33.918,25.5701,19.11,77,40,3.88,ZA,1682704800
40,port saint john's,-31.6229,29.5448,21.47,87,64,4.02,ZA,1682704800
41,lyubashivka,47.8372,30.2598,8.85,60,100,5.9,UA,1682704800
42,puerto natales,-51.7236,-72.4875,5.58,93,100,1.09,CL,1682704800
43,sokhumi,43.0033,41.0153,14.41,96,98,0.26,GE,1682704800
44,hamilton,39.1834,-84.5333,15.87,85,100,4.17,US,1682704800
45,punta arenas,-53.15,-70.9167,5.06,93,100,4.89,CL,1682704800
46,lerwick,60.1545,-1.1494,7.0,89,97,11.89,GB,1682704800
47,kuytun,54.3419,101.5036,4.36,97,100,2.82,RU,1682704800
48,udachny,66.4167,112.4,-6.21,99,87,2.61,RU,1682704800
49,takoradi,4.8845,-1.7554,27.46,77,100,3.93,GH,1682704800
50,albany,42.6001,-73.9662,16.57,46,100,4.54,US,1682704800
51,port lincoln,-34.7333,135.8667,12.77,67,54,4.29,AU,1682704800
52,laguna,38.421,-121.4238,25.16,53,0,0.49,US,1682704800
53,grytviken,-54.2811,-36.5092,3.61,98,100,5.33,GS,1682704800
54,petropavlovsk-kamchatsky,53.0452,158.6483,-0.67,59,40,2.11,RU,1682704800
55,wenchang,30.904,118.4887,16.0,86,100,3.49,CN,1682704800
56,alofi,-19.0595,-169.9187,25.37,100,100,8.73,NU,1682704800
57,kabompo,-13.5927,24.2008,17.68,61,56,1.71,ZM,1682704800
58,pangody,65.85,74.4859,-11.29,92,100,9.67,RU,1682704800
59,san patricio,28.017,-97.5169,28.08,61,9,6.15,US,1682704800
60,aktau,43.65,51.2,19.32,53,2,2.37,KZ,1682704800
61,sevan,40.5484,44.9487,8.87,69,100,0.78,AM,1682704800
62,port macquarie,-31.4333,152.9167,16.05,88,39,3.88,AU,1682704800
63,bredasdorp,-34.5322,20.0403,16.49,55,0,5.5,ZA,1682704800
64,tansen,27.8673,83.5467,17.47,37,68,2.82,NP,1682704800
65,eshowe,-28.8865,31.4699,17.19,88,5,1.63,ZA,1682704800
66,ilulissat,69.2167,-51.1,0.01,55,20,2.12,GL,1682704800
67,edinburgh of the seven seas,-37.0676,-12.3116,17.64,80,97,8.1,SH,1682704800
68,ribeira grande,38.5167,-28.7,16.22,77,20,10.59,PT,1682704800
69,qaqortoq,60.7167,-46.0333,4.39,50,0,3.04,GL,1682704800
70,el nido,11.1858,119.3956,28.79,73,6,3.92,PH,1682704800
71,jamestown,42.097,-79.2353,11.66,84,100,7.27,US,1682704800
72,la ronge,55.1001,-105.2842,4.14,87,75,2.45,CA,1682704800
73,isafjordur,66.0755,-23.124,0.02,64,75,4.71,IS,1682704800
74,quepos,9.4236,-84.1652,29.81,67,100,3.07,CR,1682704800
75,harnai,30.1005,67.9374,22.71,46,100,1.05,PK,1682704800
76,antonio enes,-16.2325,39.9086,25.38,68,21,3.39,MZ,1682704800
77,arraial do cabo,-22.9661,-42.0278,23.73,83,100,5.58,BR,1682704800
78,inhambane,-23.865,35.3833,23.99,78,20,3.37,MZ,1682704800
79,keflavik,64.0049,-22.5624,5.24,56,75,1.83,IS,1682704800
80,daru,-9.0763,143.2092,26.12,84,100,3.86,PG,1682704800
81,monte alegre,-2.0078,-54.0692,31.13,56,48,2.61,BR,1682704800
82,moree,-29.4667,149.85,18.26,63,66,5.75,AU,1682704800
83,luwero,0.8492,32.4731,18.66,99,95,0.73,UG,1682704800
84,isiro,2.7739,27.616,20.18,99,100,1.14,CD,1682704800
85,lompoc,34.6391,-120.4579,18.55,100,100,1.99,US,1682704800
86,vorgashor,67.5833,63.95,-7.41,93,98,6.19,RU,1682704800
87,sungai raya,0.7,108.9,26.25,86,100,0.82,ID,1682704800
88,papao,-17.75,-149.55,27.41,74,55,1.15,PF,1682704800
89,weno,7.4515,151.8468,26.97,89,100,8.71,FM,1682704800
90,zhezqazghan,47.7833,67.7667,20.32,18,0,2.17,KZ,1682704800
91,el granada,37.5027,-122.4694,17.49,77,20,1.57,US,1682704800
92,el idrissia,34.4454,2.5275,29.66,12,55,2.34,DZ,1682704800
93,p'ot'i,42.1462,41.672,13.66,94,100,3.43,GE,1682704800
94,belyy yar,53.6039,91.3903,15.94,41,0,5.06,RU,1682704800
95,borogontsy,62.6683,131.1683,-0.91,96,100,0.5,RU,1682704800
96,sivrihisar,39.4504,31.5341,3.13,74,95,5.09,TR,1682704800
97,puerto baquerizo moreno,-0.9,-89.6,28.55,79,40,3.71,EC,1682704800
98,the pas,53.8251,-101.2541,7.88,65,75,3.99,CA,1682704800
99,nova sintra,14.8667,-24.7167,20.23,80,0,6.43,CV,1682704800
100,lochbuie,40.0072,-104.7161,9.86,47,75,6.46,US,1682704800
101,inda silase,14.1031,38.2829,20.31,51,88,2.44,ET,1682704800
102,invercargill,-46.4,168.35,6.52,93,21,2.34,NZ,1682704800
103,blackmans bay,-43.0167,147.3167,8.43,79,82,1.45,AU,1682704800
104,montagu,-40.7667,144.9667,10.32,75,56,2.78,AU,1682704800
105,atafu village,-8.5421,-172.5159,29.28,74,12,8.43,TK,1682704800
106,opuwo,-18.0607,13.84,27.35,26,60,2.39,NA,1682704800
107,constantia,44.1833,28.65,13.38,59,99,4.64,RO,1682704800
108,dunedin,-45.8742,170.5036,12.11,87,0,1.42,NZ,1682704800
109,vilyuchinsk,52.9306,158.4028,0.14,80,98,1.81,RU,1682704800
110,saint-joseph,-21.3667,55.6167,23.99,75,23,4.61,RE,1682704800
111,dubbo,-32.25,148.6167,16.4,94,100,0.24,AU,1682704800
112,margaret river,-33.95,115.0667,11.68,78,62,1.48,AU,1682704800
113,qui nhon,13.7667,109.2333,26.15,86,34,0.09,VN,1682704800
114,la passe,45.5549,-0.8967,26.13,84,100,5.66,FR,1682704800
115,iskateley,67.6803,53.1512,-7.6,95,98,3.14,RU,1682704800
116,trinidad,-14.8333,-64.9,32.16,66,40,2.15,BO,1682704800
117,kikwit,-5.041,18.8162,25.27,69,90,0.96,CD,1682704800
118,ancud,-41.8697,-73.8203,14.7,87,100,11.94,CL,1682704800
119,sidi ifni,29.3797,-10.173,31.86,66,59,3.77,MA,1682704800
120,mabaruma,8.2,-59.7833,31.49,56,90,3.12,GY,1682704800
121,undurkhaan,47.3194,110.6556,0.53,40,73,2.0,MN,1682704800
122,chui,-33.6971,-53.4616,23.14,52,0,2.65,UY,1682704800
123,biltine,14.5333,20.9167,32.15,27,97,6.02,TD,1682704800
124,barah,13.7,30.3667,31.56,13,57,5.74,SD,1682704800
125,mino,34.8269,135.4706,14.87,75,100,1.51,JP,1682704800
126,puerto ayora,-0.7393,-90.3518,28.08,88,46,3.67,EC,1682704800
127,radziejow,52.6248,18.5277,14.13,66,91,3.6,PL,1682704800
128,goundam,16.4145,-3.6708,36.58,5,2,2.18,ML,1682704800
129,shevchenko,48.5,35.0,9.39,91,100,7.26,UA,1682704800
130,tsiombe,-25.3,45.4833,22.31,70,10,7.19,MG,1682704800
131,papatowai,-46.5619,169.4708,8.62,86,9,1.51,NZ,1682704800
132,kolondieba,11.0882,-6.8926,37.91,15,56,0.75,ML,1682704800
133,whitehorse,60.7161,-135.0538,3.36,56,75,3.84,CA,1682704800
134,priozersk,61.0393,30.1291,7.49,84,77,2.35,RU,1682704800
135,meulaboh,4.1363,96.1285,24.45,90,100,1.09,ID,1682704800
136,hotan,37.0997,79.9269,15.61,11,75,2.45,CN,1682704800
137,mount pearl,47.5166,-52.7813,3.59,85,75,7.75,CA,1682704800
138,kodiak,57.79,-152.4072,2.81,93,100,5.27,US,1682704800
139,franceville,-1.6333,13.5836,26.25,83,75,1.27,GA,1682704800
140,tazovsky,67.4667,78.7,-11.18,91,99,8.3,RU,1682704800
141,mount gambier,-37.8333,140.7667,9.81,78,67,1.45,AU,1682704800
142,galesong,-5.3166,119.3661,26.01,85,100,1.04,ID,1682704800
143,morehead,37.2711,-87.1764,15.56,90,100,4.41,US,1682704800
144,angul,20.85,85.1,29.73,42,72,1.07,IN,1682704800
145,revda,56.801,59.9303,3.76,70,70,1.46,RU,1682704800
146,khandyga,62.6667,135.6,-2.68,99,100,0.57,RU,1682704800
147,west island,-12.1568,96.8225,27.57,94,75,4.61,CC,1682704800
148,south hedland,-20.4089,118.5983,28.25,36,90,8.8,AU,1682704800
149,longyearbyen,78.2186,15.6401,-0.82,93,100,3.11,SJ,1682704800
150,howard springs,-12.497,131.047,25.22,93,65,0.68,AU,1682704800
151,olonkinbyen,70.9221,-8.7187,-3.56,92,100,14.34,SJ,1682704800
152,sinabang,2.4803,96.3801,26.11,83,100,0.28,ID,1682704800
153,codrington,-38.2667,141.9667,10.37,78,59,2.65,AU,1682704800
154,ulladulla,-35.35,150.4667,16.54,91,100,2.12,AU,1682704800
155,karlskrona,56.1616,15.5866,8.25,71,83,2.68,SE,1682704800
156,hirtshals,57.5881,9.9592,7.12,61,100,1.8,DK,1682704800
157,rabo de peixe,37.8,-25.5833,17.73,82,20,6.95,PT,1682704800
158,las khorey,11.1595,48.1967,29.8,72,100,1.05,SO,1682704800
159,ghadamis,30.1337,9.5007,30.81,10,6,4.38,LY,1682704800
160,stanley,54.868,-1.6985,11.33,77,20,0.69,GB,1682704800
161,lame,10.4415,9.2396,31.19,27,99,2.46,NG,1682704800
162,lycksele,64.5954,18.6735,6.93,39,20,0.9,SE,1682704800
163,geraldton,-28.7667,114.6,16.51,47,0,7.88,AU,1682704800
164,dymer,50.7865,30.3026,11.32,61,72,3.95,UA,1682704800
165,turpan,42.9333,89.1667,19.53,13,8,0.65,CN,1682704800
166,thompson,55.7435,-97.8558,2.26,55,75,2.58,CA,1682704800
167,yellowknife,62.456,-114.3525,7.29,57,20,6.61,CA,1682704800
168,tura,25.5198,90.2201,24.97,35,38,1.79,IN,1682704800
169,grand gaube,-20.0064,57.6608,26.07,75,25,7.66,MU,1682704800
170,soio,-6.1349,12.3689,26.29,89,100,2.91,AO,1682704800
171,hithadhoo,-0.6,73.0833,28.76,75,100,3.62,MV,1682704800
172,st. john's,47.5649,-52.7093,3.97,85,75,8.68,CA,1682704800
173,okakarara,-20.5833,17.4333,25.51,25,49,3.17,NA,1682704800
174,spas-demensk,54.4122,34.0226,4.89,86,97,1.57,RU,1682704800
175,port hueneme,34.1478,-119.1951,15.34,95,100,2.77,US,1682704800
176,pisco,-13.7,-76.2167,25.38,78,67,4.22,PE,1682704800
177,saudarkrokur,65.7461,-19.6394,-0.9,68,49,6.37,IS,1682704800
178,bam,29.106,58.357,21.48,37,55,3.21,IR,1682704800
179,nova vicosa,-17.8919,-39.3719,28.5,68,22,4.26,BR,1682704800
180,chania,35.5122,24.0156,16.78,67,20,1.44,GR,1682704800
181,shimoda,34.6667,138.95,15.74,79,16,3.9,JP,1682704800
182,duba,27.3513,35.6901,25.02,60,0,4.63,SA,1682704800
183,ronneby,56.21,15.276,8.28,61,0,2.26,SE,1682704800
184,ushuaia,-54.8,-68.3,4.3,75,0,0.58,AR,1682704800
185,afaahiti,-17.75,-149.2833,25.98,79,58,2.47,PF,1682704800
186,rio grande,-32.035,-52.0986,24.06,66,8,3.21,BR,1682704800
187,safaga,26.7292,33.9365,25.08,37,0,8.26,EG,1682704800
188,burutu,5.3509,5.5076,27.23,78,86,3.37,NG,1682704800
189,palmer,42.1584,-72.3287,17.07,41,75,3.33,US,1682704800
190,lihue,21.9789,-159.3672,22.1,91,100,3.3,US,1682704800
191,elverum,60.8819,11.5623,1.6,96,68,1.33,NO,1682704800
192,sao joao da barra,-21.6403,-41.0511,24.97,76,39,4.78,BR,1682704800
193,cidreira,-30.1811,-50.2056,22.13,58,76,3.52,BR,1682704800
194,olean,42.0776,-78.4297,11.35,71,100,5.84,US,1682704800
195,bamboo flat,11.7,92.7167,28.48,72,52,1.05,IN,1682704800
196,key west,24.5557,-81.7826,28.58,78,0,4.9,US,1682704800
197,namibe,-15.1961,12.1522,23.8,81,64,4.99,AO,1682704800
198,saipan,15.1355,145.701,27.39,89,40,9.93,MP,1682704800
199,sisimiut,66.9395,-53.6735,0.27,74,27,1.21,GL,1682704800
200,vila velha,-20.3297,-40.2925,25.53,92,75,4.04,BR,1682704800
201,coquimbo,-29.9533,-71.3436,16.92,82,100,2.63,CL,1682704800
202,aykhal,66.0,111.5,-2.97,91,99,3.55,RU,1682704800
203,mermoz boabab,14.7065,-17.4758,24.88,73,0,8.53,SN,1682704800
204,dakhla,23.6848,-15.958,21.01,78,0,7.46,EH,1682704800
205,ola,59.5833,151.2833,-4.62,79,15,4.3,RU,1682704800
206,kushiro,42.975,144.3747,4.25,80,100,3.62,JP,1682704800
207,ardud,47.6333,22.8833,13.94,44,0,1.5,RO,1682704800
208,troitskoye,52.9821,84.6757,15.11,54,73,4.89,RU,1682704800
209,susuman,62.7833,148.1667,-14.61,99,79,1.0,RU,1682704800
210,kegeyli shahar,42.7767,59.6078,23.05,17,96,4.0,UZ,1682704800
211,lebu,-37.6167,-73.65,14.11,95,100,13.23,CL,1682704800
212,nesterov,54.6306,22.5714,4.79,70,60,0.91,RU,1682704800
213,kili,5.6439,169.1211,28.17,79,100,7.19,MH,1682704800
214,petoskey,45.3733,-84.9553,15.91,40,0,4.19,US,1682704800
215,whistler,50.1164,-122.9695,16.97,53,1,0.76,CA,1682704800
216,pandan,14.0453,124.1694,26.97,86,14,3.7,PH,1682704800
217,utrik,11.2278,169.8474,26.93,83,98,7.7,MH,1682704800
218,basco,20.4487,121.9702,26.18,87,58,6.28,PH,1682704800
219,vila franca do campo,37.7167,-25.4333,18.23,82,24,6.34,PT,1682704800
220,zahirabad,17.6833,77.6167,25.28,62,95,5.17,IN,1682704800
221,tiksi,71.6872,128.8694,-8.76,94,100,2.42,RU,1682704800
222,zaozersk,69.4005,32.4476,-3.28,82,6,7.96,RU,1682704800
223,gamba,-2.65,10.0,26.16,83,91,3.98,GA,1682704800
224,magong,23.5654,119.5863,23.85,78,7,0.9,TW,1682704800
225,happy valley-goose bay,53.3168,-60.3315,4.59,60,75,2.65,CA,1682704800
226,vanimo,-2.6741,141.3028,25.45,90,100,0.77,PG,1682704800
227,floriano,-6.7669,-43.0225,33.43,44,69,1.47,BR,1682704800
228,klyuchi,52.2667,79.1667,17.21,35,11,3.56,RU,1682704800
229,sretensk,52.2453,117.7093,1.81,86,100,1.25,RU,1682704800
230,christchurch,-43.5333,172.6333,12.41,91,100,1.75,NZ,1682704800
231,tynda,55.1667,124.7167,-9.42,99,62,0.87,RU,1682704800
232,puerto aysen,-45.4,-72.7,10.82,100,100,1.52,CL,1682704800
233,cockburn town,21.4612,-71.1419,25.9,73,15,3.43,TC,1682704800
234,quatre cocos,-20.2078,57.7625,25.17,76,46,6.04,MU,1682704800
235,alpena,45.0617,-83.4327,11.33,57,0,4.05,US,1682704800
236,rawson,-43.3002,-65.1023,16.64,69,100,9.95,AR,1682704800
237,zubtsov,56.1753,34.5894,5.54,80,100,1.53,RU,1682704800
238,darwin,-12.4611,130.8418,26.48,89,75,1.31,AU,1682704800
239,laojunmiao,39.8333,97.7333,6.05,19,17,2.54,CN,1682704800
240,ndele,8.4109,20.6473,26.87,52,54,1.58,CF,1682704800
241,greenville,35.6127,-77.3663,20.7,99,100,2.76,US,1682704800
242,huarmey,-10.0681,-78.1522,27.03,71,69,4.98,PE,1682704800
243,berdigestyakh,62.0989,126.6992,-0.45,98,100,1.71,RU,1682704800
244,badger,64.8,-147.5333,2.34,68,75,1.14,US,1682704800
245,el calafate,-50.3408,-72.2768,7.08,76,80,1.22,AR,1682704800
246,remire-montjoly,4.9167,-52.2667,30.02,66,40,3.94,GF,1682704800
247,nagqu,31.5,92.0,-3.15,90,90,1.68,CN,1682704800
248,shirgaon,19.7,72.7,27.56,66,0,2.14,IN,1682704800
249,polovinnoye,54.7914,65.9864,11.27,48,72,5.04,RU,1682704800
250,san juanito,28.0,-107.5833,19.9,12,0,3.93,MX,1682704800
251,portland,45.5234,-122.6762,21.94,40,8,2.26,US,1682704800
252,marsabit,2.3284,37.9899,20.22,74,91,7.75,KE,1682704800
253,san antonio de pale,-1.4014,5.6325,25.85,85,100,4.2,GQ,1682704800
254,corn island,12.1694,-83.0418,27.35,71,95,3.74,NI,1682704800
255,kiratu,-3.3333,35.6667,16.99,95,82,2.23,TZ,1682704800
256,kavieng,-2.5744,150.7967,27.45,80,90,3.07,PG,1682704800
257,hameenkyro,61.6391,23.1953,6.93,70,88,2.15,FI,1682704800
258,hailey,43.5196,-114.3153,11.15,44,0,1.43,US,1682704800
259,zelenchukskaya,43.858,41.5894,10.87,89,69,1.46,RU,1682704800
260,duong dong,10.2167,103.9667,28.18,94,20,2.64,VN,1682704800
261,charlottetown,46.2352,-63.1267,10.33,62,20,5.48,CA,1682704800
262,puerto real,36.5282,-6.1901,27.83,57,0,4.58,ES,1682704800
263,guantanamo,20.1444,-75.2092,32.57,42,72,4.42,CU,1682704800
264,hutchinson island south,27.2995,-80.2205,29.02,69,75,7.25,US,1682704800
265,nemuro,43.3236,145.575,3.86,77,99,4.26,JP,1682704800
266,korla,41.7597,86.1469,16.87,18,1,1.74,CN,1682704800
267,vilyuysk,63.7553,121.6247,-0.38,91,100,1.75,RU,1682704800
268,enewetak,11.3474,162.3373,26.7,83,96,7.9,MH,1682704800
269,gadzhiyevo,69.2551,33.3362,-2.9,77,3,9.25,RU,1682704800
270,karratha,-20.7377,116.8463,28.51,35,95,5.58,AU,1682704800
271,madisonville,37.3281,-87.4989,15.66,89,97,4.2,US,1682704800
272,achinsk,56.2694,90.4993,13.58,66,73,5.83,RU,1682704800
273,okhotsk,59.3833,143.3,-2.59,98,93,1.16,RU,1682704800
274,bokhan,53.153,103.7714,4.03,97,100,1.74,RU,1682704800
275,tsarevo,42.1667,27.85,9.61,70,89,3.43,BG,1682704800
276,north bend,43.4065,-124.2243,18.6,100,40,1.96,US,1682704800
277,hasaki,35.7333,140.8333,17.3,75,44,8.35,JP,1682704800
278,quellon,-43.1167,-73.6167,15.14,94,75,10.75,CL,1682704800
279,shubarkuduk,49.1447,56.4872,18.42,43,1,3.65,KZ,1682704800
280,usinsk,65.9939,57.5281,-4.99,90,100,3.85,RU,1682704800
281,kingston,17.997,-76.7936,31.64,70,35,3.66,JM,1682704800
282,kaoma,-14.7833,24.8,18.05,53,50,1.5,ZM,1682704800
283,asahi,35.7167,140.65,16.79,74,37,6.55,JP,1682704800
284,erenhot,43.6475,111.9767,5.23,29,54,3.36,CN,1682704800
285,avanigadda,16.0215,80.9181,28.64,76,42,3.03,IN,1682704800
286,mao,39.8885,4.2658,22.31,56,0,4.59,ES,1682704800
287,luderitz,-26.6481,15.1594,16.72,73,7,8.68,NA,1682704800
288,saint-philippe,-21.3585,55.7679,24.75,74,41,4.43,RE,1682704800
289,alice springs,-23.7,133.8833,17.45,55,75,5.63,AU,1682704800
290,nyala,12.05,24.8833,30.82,14,92,3.08,SD,1682704800
291,haiku-pauwela,20.9219,-156.3051,22.56,90,20,0.78,US,1682704800
292,jayapura,-2.5333,140.7,25.66,90,99,0.18,ID,1682704800
293,usogorsk,63.4106,48.6872,-0.9,81,43,3.37,RU,1682704800
294,adam,22.3756,57.5233,30.07,12,0,5.1,OM,1682704800
295,las palmas,28.4204,-14.0131,22.04,73,0,3.43,ES,1682704800
296,caidian,30.5833,114.0333,18.07,30,100,7.25,CN,1682704800
297,dudinka,69.4058,86.1778,-8.58,95,56,4.87,RU,1682704800
298,sitka,57.0531,-135.33,5.94,87,100,1.75,US,1682704800
299,pacific grove,36.6177,-121.9166,15.46,87,75,2.57,US,1682704800
300,segre,47.6833,-0.8667,20.03,90,100,3.67,FR,1682704800
301,shizuoka,34.9769,138.3831,12.65,78,16,1.78,JP,1682704800
302,bilajer,40.5681,50.0378,18.29,88,0,5.8,AZ,1682704800
303,kailua-kona,19.6406,-155.9956,23.81,85,40,2.65,US,1682704800
304,kalemie,-5.9475,29.1947,22.47,82,20,1.71,CD,1682704800
305,otofuke,42.9917,143.2003,4.81,75,96,0.89,JP,1682704800
306,kuta,-8.7233,115.1723,27.78,83,40,5.51,ID,1682704800
307,plettenberg bay,-34.0527,23.3716,16.68,77,64,2.02,ZA,1682704800
308,crane,31.3974,-102.3501,22.63,30,2,9.99,US,1682704800
309,kanggye,40.9695,126.5852,9.81,65,100,1.51,KP,1682704800
310,bentota,6.4254,79.9948,26.23,86,99,2.06,LK,1682704800
311,dazhou,31.2159,107.5009,14.13,82,100,0.37,CN,1682704800
312,salo,45.6086,10.531,21.57,76,74,0.78,IT,1682704800
313,bandarbeyla,9.4942,50.8122,28.93,78,100,6.71,SO,1682704800
314,tari,12.4086,4.4914,36.41,25,100,3.11,NG,1682704800
315,pyhajarvi,67.0701,27.2176,-0.15,90,100,5.3,FI,1682704800
316,pedernales,18.0384,-71.744,28.18,69,36,2.5,DO,1682704800
317,prado,-17.3411,-39.2208,27.32,73,1,3.73,BR,1682704800
318,khowai,24.1,91.6333,25.41,71,82,2.24,IN,1682704800
319,strathmore,51.0501,-113.3852,13.3,33,95,3.07,CA,1682704800
320,khash,28.2211,61.2158,18.45,50,91,1.54,IR,1682704800
321,anadyr,64.75,177.4833,-14.72,78,0,4.74,RU,1682704800
322,sao vicente,-23.9631,-46.3919,24.05,54,100,2.26,BR,1682704800
323,khovd,48.0056,91.6419,8.4,32,47,1.12,MN,1682704800
324,kondopoga,62.2057,34.2614,4.82,96,100,3.16,RU,1682704800
325,salinas,36.6777,-121.6555,24.35,84,75,2.19,US,1682704800
326,toamasina,-18.1667,49.3833,25.0,78,40,4.64,MG,1682704800
327,malabar,-33.9667,151.25,19.65,74,0,4.17,AU,1682704800
328,verkhnevilyuysk,63.4453,120.3167,-1.2,94,98,2.16,RU,1682704800
329,lishui,28.4604,119.9103,20.25,99,100,0.55,CN,1682704800
330,acapulco de juarez,16.8634,-99.8901,29.9,58,20,4.1,MX,1682704800
331,novaya igirma,57.1334,103.9112,1.52,98,98,1.95,RU,1682704800
332,gyongyos,47.7826,19.928,10.05,75,86,2.07,HU,1682704800
333,west valley,46.5921,-120.6051,20.62,48,0,1.57,US,1682704800
334,kourou,5.1552,-52.6478,30.03,70,79,3.6,GF,1682704800
335,sona,45.4388,10.8255,20.27,43,0,1.29,IT,1682704800
336,ulanhot,46.0833,122.0833,6.22,26,78,2.88,CN,1682704800
337,mangrol,21.1167,70.1167,26.95,80,44,5.22,IN,1682704800
338,soto la marina,23.7667,-98.2167,33.13,47,21,4.36,MX,1682704800
339,peace river,56.2501,-117.286,13.4,28,75,1.64,CA,1682704800
340,hafar al-batin,28.4328,45.9708,34.32,24,40,4.85,SA,1682704800
341,fougamou,-1.2154,10.5838,24.43,94,99,1.31,GA,1682704800
342,cabo san lucas,22.8909,-109.9124,24.31,38,0,3.99,MX,1682704800
343,bontang,0.1333,117.5,26.59,85,89,4.27,ID,1682704800
344,gaiman,-43.2897,-65.4929,18.34,56,100,9.64,AR,1682704800
345,roxas,11.5853,122.7511,27.3,82,15,3.92,PH,1682704800
346,tidjikja,18.5564,-11.4271,37.74,7,0,4.71,MR,1682704800
347,hami,42.8,93.45,14.65,14,25,1.94,CN,1682704800
348,varena,54.2167,24.5667,5.36,64,62,0.97,LT,1682704800
349,swan hill,-35.3378,143.5544,11.11,68,98,2.92,AU,1682704800
350,woodward,36.4337,-99.3904,8.38,100,100,7.96,US,1682704800
351,mongoumba,3.6415,18.5936,26.67,60,94,1.35,CF,1682704800
352,waingapu,-9.6567,120.2641,25.46,90,62,2.97,ID,1682704800
353,upington,-28.4478,21.2561,27.21,19,0,3.95,ZA,1682704800
354,cururupu,-1.8283,-44.8683,28.72,76,62,1.18,BR,1682704800
355,queenstown,-31.8976,26.8753,13.85,48,56,0.88,ZA,1682704800
356,kundiawa,-6.0167,144.9667,17.19,98,100,0.26,PG,1682704800
357,winkler,49.1817,-97.941,7.06,76,96,3.48,CA,1682704800
358,belmonte,-15.8631,-38.8828,28.36,71,13,4.14,BR,1682704800
359,kenai,60.5544,-151.2583,2.99,86,100,1.9,US,1682704800
360,tamandare,-8.7597,-35.1047,28.67,65,52,3.54,BR,1682704800
361,castillos,-34.1667,-53.8333,23.81,50,0,2.13,UY,1682704800
362,chongwe,-15.3292,28.682,17.27,60,77,1.96,ZM,1682704800
363,guarapari,-20.6667,-40.4975,24.73,83,39,2.84,BR,1682704800
364,newman,37.3138,-121.0208,26.59,44,0,1.55,US,1682704800
365,carnarvon,-24.8667,113.6333,22.76,41,95,9.54,AU,1682704800
366,xinyi,22.373,110.9475,22.94,92,5,0.69,CN,1682704800
367,miracema do tocantins,-9.5618,-48.3967,32.0,53,98,0.61,BR,1682704800
368,chipinge,-20.1883,32.6236,15.64,69,2,2.79,ZW,1682704800
369,nanding,36.7483,118.0558,12.75,35,100,7.34,CN,1682704800
370,callao,-12.0667,-77.15,26.16,69,0,5.84,PE,1682704800
371,mar del plata,-38.0023,-57.5575,24.52,58,0,7.23,AR,1682704800
372,rumoi,43.9344,141.6428,8.12,93,92,2.76,JP,1682704800
373,bernay,49.1667,0.6667,14.35,85,100,3.89,FR,1682704800
374,cadillac,44.2519,-85.4012,14.95,23,0,3.84,US,1682704800
375,ingeniero jacobacci,-41.3427,-69.5448,15.0,57,98,11.52,AR,1682704800
376,xinyuan,37.3,99.0,-2.26,20,0,1.81,CN,1682704800
377,metlaoui,34.3208,8.4016,30.6,20,1,3.19,TN,1682704800
378,al wajh,26.2455,36.4525,25.97,69,0,4.69,SA,1682704800
379,tolanaro,-25.0319,46.9987,24.04,64,40,4.63,MG,1682704800
380,mejit,10.2753,170.8646,27.16,82,100,8.04,MH,1682704800
381,sinop,41.7711,34.8709,7.06,93,98,2.33,TR,1682704800
382,nizhneudinsk,54.9076,99.0276,5.98,94,100,0.89,RU,1682704800
383,taro,-8.3862,115.28,23.81,97,97,0.77,ID,1682704800
384,ulverstone,-41.15,146.1667,9.22,83,73,3.18,AU,1682704800
385,fort bragg,35.139,-79.006,25.21,74,100,4.56,US,1682704800
386,aketi,2.7388,23.7833,22.25,97,100,1.41,CD,1682704800
387,ongjin,37.9347,125.3619,12.12,98,100,3.97,KP,1682704800
388,ubari,26.5921,12.7805,29.87,13,0,3.87,LY,1682704800
389,kulhudhuffushi,6.6221,73.07,28.67,72,100,0.98,MV,1682704800
390,puerto maldonado,-12.6,-69.1833,33.69,55,75,0.66,PE,1682704800
391,horta,38.5333,-28.6333,17.23,78,20,10.58,PT,1682704800
392,taltal,-25.4,-70.4833,18.98,72,17,2.21,CL,1682704800
393,waiuku,-37.25,174.75,12.21,89,100,2.79,NZ,1682704800
394,maba,24.6841,113.5984,22.45,91,97,0.52,CN,1682704800
395,kapuskasing,49.4169,-82.4331,8.0,66,100,1.07,CA,1682704800
396,olyokminsk,60.3736,120.4264,-3.0,94,12,0.82,RU,1682704800
397,fort st. john,56.2499,-120.8529,10.47,43,75,1.77,CA,1682704800
398,uturoa,-16.7333,-151.4333,27.35,77,49,4.28,PF,1682704800
399,jeddah,21.5169,39.2192,31.92,22,0,6.55,SA,1682704800
400,northam,51.0333,-4.2167,11.81,87,55,3.67,GB,1682704800
401,la sarre,48.8002,-79.1996,11.16,58,100,3.37,CA,1682704800
402,puerto gaitan,4.3133,-72.0816,30.43,61,100,1.9,CO,1682704800
403,saldanha,-33.0117,17.9442,18.03,74,59,1.4,ZA,1682704800
404,neryungri,56.6709,124.6491,-9.41,96,51,1.57,RU,1682704800
405,sao joao de pirabas,-0.7747,-47.1772,28.78,70,18,2.74,BR,1682704800
406,santa marinella,42.0345,11.8536,18.21,63,84,3.35,IT,1682704800
407,santa maria del oro,25.9333,-105.3667,24.93,7,0,0.39,MX,1682704800
408,rafiganj,24.8167,84.65,30.03,26,21,3.17,IN,1682704800
409,santiago de cao,-7.9589,-79.2392,26.07,65,97,4.9,PE,1682704800
410,katsuura,35.1333,140.3,17.11,75,18,7.45,JP,1682704800
411,nadi,-17.8,177.4167,24.33,94,40,1.87,FJ,1682704800
412,canutama,-6.5339,-64.3831,33.17,48,99,1.28,BR,1682704800
413,magadan,59.5667,150.8,-3.5,77,14,3.83,RU,1682704800
414,shenandoah,30.4013,-91.0009,25.49,58,0,2.59,US,1682704800
415,khiri mat,16.8333,99.8,32.71,45,2,2.04,TH,1682704800
416,arecibo,18.4724,-66.7157,30.32,76,33,4.29,PR,1682704800
417,la gi,10.6667,107.7833,27.51,81,76,6.86,VN,1682704800
418,holualoa,19.6228,-155.9522,21.96,87,40,2.19,US,1682704800
419,seria,4.6167,114.3167,27.12,89,100,1.03,BN,1682704800
420,mocorito,25.4833,-107.9167,33.41,16,2,2.13,MX,1682704800
421,mumford,5.2618,-0.759,27.77,76,100,5.03,GH,1682704800
422,masterton,-40.9597,175.6575,8.61,96,100,1.7,NZ,1682704800
423,sidi khaled,34.387,4.9879,32.13,16,0,4.42,DZ,1682704800
424,mitha tiwana,32.2486,72.1108,26.96,32,31,1.59,PK,1682704800
425,igarka,67.4667,86.5833,-5.19,85,100,9.04,RU,1682704800
426,vadso,70.0744,29.7487,2.09,75,0,6.83,NO,1682704800
427,mossel bay,-34.1831,22.146,16.96,74,13,1.38,ZA,1682704800
428,merritt island,28.5392,-80.672,27.95,63,0,4.45,US,1682704800
429,loanda,-8.8368,13.2343,29.0,70,20,5.3,AO,1682704800
430,sandnessjoen,66.0217,12.6316,6.45,56,40,4.26,NO,1682704800
431,brandon,27.9378,-82.2859,27.64,64,40,4.74,US,1682704800
432,aioun,16.6614,-9.6149,39.29,3,0,6.87,MR,1682704800
433,hovd,48.0056,91.6419,8.4,32,47,1.12,MN,1682704800
434,alto parana,-23.1289,-52.3189,22.86,64,57,1.57,BR,1682704800
435,abatskoye,56.2875,70.4555,4.78,44,16,4.47,RU,1682704800
436,richards bay,-28.783,32.0377,21.1,91,3,2.36,ZA,1682704800
437,thunder bay,48.4001,-89.3168,5.34,75,100,2.21,CA,1682704800
438,gaillimh,53.2719,-9.0489,12.5,89,72,3.88,IE,1682704800
439,porto torres,40.835,8.3972,24.1,78,99,0.55,IT,1682704800
440,juarez,31.7333,-106.4833,26.77,14,75,7.51,MX,1682704800
441,gorontalo,0.5412,123.0595,24.23,95,88,0.88,ID,1682704800
442,codajas,-3.8367,-62.0569,29.68,69,58,1.15,BR,1682704800
443,chisec,15.8167,-90.2833,38.5,30,5,2.6,GT,1682704800
444,galliano,29.4422,-90.2992,27.74,50,0,3.18,US,1682704800
445,kovdor,67.5662,30.4758,-1.42,87,73,5.12,RU,1682704800
446,sol'-iletsk,51.1631,54.9918,16.27,53,19,4.08,RU,1682704800
447,nago,26.5881,127.9761,23.24,93,17,2.35,JP,1682704800
448,matoury,4.8483,-52.3317,29.98,66,40,3.44,GF,1682704800
449,santo antonio,-6.3106,-35.4789,30.63,57,87,4.75,BR,1682704800
450,kone,-21.0595,164.8658,20.66,85,56,1.59,NC,1682704800
451,zhanaozen,43.3,52.8,23.67,27,16,1.0,KZ,1682704800
452,isangel,-19.55,169.2667,24.6,74,15,4.01,VU,1682704800
453,ceeldheer,3.8488,47.1806,27.66,65,100,3.13,SO,1682704800
454,urangan,-25.3,152.9,21.14,75,67,3.26,AU,1682704800
455,cuamba,-14.8031,36.5372,18.84,83,11,1.26,MZ,1682704800
456,bafq,31.6128,55.4107,19.88,55,99,0.29,IR,1682704800
457,mogocha,53.7333,119.7667,-1.33,93,89,1.48,RU,1682704800
458,touros,-5.1989,-35.4608,29.08,69,85,5.21,BR,1682704800
459,porto novo,6.4965,2.6036,29.9,76,99,4.65,BJ,1682704800
460,villupuram,11.9333,79.4833,28.35,74,89,2.91,IN,1682704800
461,suoyarvi,62.0833,32.35,2.26,98,100,2.5,RU,1682704800
462,sarkand,45.41,79.9186,16.66,28,12,3.58,KZ,1682704800
463,barrie,44.4001,-79.6663,14.38,64,97,6.5,CA,1682704800
464,bayevo,53.2833,80.7667,15.61,46,46,3.72,RU,1682704800
465,nola,40.922,14.5329,19.87,40,31,1.57,IT,1682704800
466,nuuk,64.1835,-51.7216,3.34,81,0,1.86,GL,1682704800
467,newport,51.5877,-2.9984,15.83,80,54,4.43,GB,1682704800
468,saint-pierre,-21.3393,55.4781,24.3,73,20,5.07,RE,1682704800
469,sanjwal,33.7608,72.4336,24.75,40,36,1.86,PK,1682704800
470,puerto santa,-8.9906,-78.6456,25.8,77,60,4.54,PE,1682704800
471,vorkuta,67.5,64.0,-7.24,93,100,6.23,RU,1682704800
472,butiama,-1.7667,33.9667,17.48,95,99,1.24,TZ,1682704800
473,hola,51.5377,23.1902,11.1,56,57,0.52,PL,1682704800
474,kristianstad,56.0313,14.1524,10.08,34,100,2.47,SE,1682704800
475,vicente guerrero,19.1194,-98.1708,24.3,20,2,4.52,MX,1682704800
476,bengkulu,-3.8004,102.2655,24.53,91,98,1.53,ID,1682704800
477,deori khas,23.4,79.0167,24.63,58,93,4.68,IN,1682704800
478,afif,23.9065,42.9172,25.78,27,6,3.65,SA,1682704800
479,ivolginsk,51.7492,107.2837,3.81,70,20,0.95,RU,1682704800
480,nkowakowa,-23.8878,30.2871,23.38,55,8,0.38,ZA,1682704800
481,luanda,-8.8368,13.2343,29.0,70,20,5.3,AO,1682704800
482,zhaotong,27.3167,103.7167,5.73,90,99,3.73,CN,1682704800
483,demba,-5.51,22.2667,24.56,74,96,0.63,CD,1682704800
484,nema,57.5067,50.5011,3.54,91,65,2.12,RU,1682704800
485,ghansor,22.65,79.95,24.42,54,91,1.21,IN,1682704800
486,arkhangel'sk,64.5401,40.5433,6.06,42,0,5.37,RU,1682704800
487,pendleton,45.6721,-118.7886,21.57,44,0,1.43,US,1682704800
488,mawu,29.5923,107.3139,11.78,91,100,1.73,CN,1682704800
489,keelung,25.1283,121.7419,24.05,92,59,1.12,TW,1682704800
490,tughyl,47.7252,84.2063,10.4,52,11,5.43,KZ,1682704800
491,wewak,-3.5534,143.6268,26.11,86,99,1.55,PG,1682704800
492,santana,-0.0583,-51.1817,31.1,66,40,2.14,BR,1682704800
493,prince rupert,54.3161,-130.3201,11.53,82,100,0.95,CA,1682704800
494,tromso,69.6496,18.957,4.65,70,40,2.24,NO,1682704800
495,sunrise manor,36.2111,-115.0731,28.46,14,0,9.51,US,1682704800
496,twon-brass,4.3151,6.2418,28.1,75,75,4.71,NG,1682704800
497,vishnevogorsk,55.9913,60.6579,7.1,66,100,1.95,RU,1682704800
498,yuzhno-kurilsk,44.0306,145.8556,3.34,75,100,2.05,RU,1682704800
499,hilo,19.7297,-155.09,23.64,89,0,1.8,US,1682704800
500,rio preto da eva,-2.6994,-59.6997,31.79,54,54,2.83,BR,1682704800
501,tinaquillo,9.9186,-68.3047,29.45,64,96,1.33,VE,1682704800
502,taroa,8.7058,171.2275,27.41,82,100,7.58,MH,1682704800
503,blackwater,-23.5833,148.8833,18.03,88,92,2.82,AU,1682704800
504,yigo village,13.5361,144.8886,26.13,89,75,9.49,GU,1682704800
505,ashland,40.8167,-82.2665,12.69,93,100,5.99,US,1682704800
506,bikenibeu village,1.3673,173.1241,27.66,89,40,6.44,KI,1682704800
507,kristiansund,63.1115,7.732,7.36,49,0,1.34,NO,1682704800
508,brak,27.5496,14.2714,29.31,16,0,4.69,LY,1682704800
509,salinopolis,-0.6136,-47.3561,28.53,71,17,3.13,BR,1682704800
510,borger,52.9233,6.7931,12.55,93,100,3.5,NL,1682704800
511,fale old settlement,-9.3852,-171.2468,29.23,75,65,8.38,TK,1682704800
512,antsiranana,-12.2787,49.2917,26.03,75,26,7.54,MG,1682704800
513,muhos,64.808,25.9931,0.64,100,100,1.38,FI,1682704800
514,tual,-5.6667,132.75,28.17,77,95,6.11,ID,1682704800
515,ghanzi,-21.5667,21.7833,25.2,27,10,3.25,BW,1682704800
516,ta`u,-14.2336,-169.5144,28.02,77,62,7.88,AS,1682704800
517,kokopo,-4.352,152.2633,25.04,87,75,1.63,PG,1682704800
518,lepsy,46.235,78.9456,16.87,30,15,2.92,KZ,1682704800
519,chibougamau,49.9168,-74.3659,9.79,46,75,3.74,CA,1682704800
520,kaiyuan,23.6977,103.3037,19.36,78,26,2.46,CN,1682704800
521,hays,30.0502,-98.0336,27.03,70,1,7.55,US,1682704800
522,kolyshley,52.7005,44.5367,16.12,56,38,3.38,RU,1682704800
523,lagonoy,13.7342,123.5207,24.85,96,17,1.14,PH,1682704800
524,puerto armuelles,8.2833,-82.8667,29.82,65,96,3.69,PA,1682704800
525,fort mcmurray,56.7268,-111.381,13.44,35,0,5.54,CA,1682704800
526,kalifornsky,60.4183,-151.29,3.47,90,100,1.55,US,1682704800
527,interlaken,36.9513,-121.7338,23.91,85,100,1.91,US,1682704800
528,marsa alam,25.0757,34.8918,25.47,60,0,2.92,EG,1682704800
529,caala,-12.8525,15.5606,15.49,61,77,1.04,AO,1682704800
530,new milford,40.9327,-74.0179,13.27,73,0,5.32,US,1682704800
531,ha'il,27.5219,41.6907,27.01,18,0,4.44,SA,1682704800
532,tshikapa,-6.4167,20.8,24.4,69,80,1.7,CD,1682704800
533,camana,-16.6228,-72.7111,23.08,72,28,4.52,PE,1682704800
534,buala,-8.145,159.5921,26.88,84,42,1.78,SB,1682704800
535,birjand,32.8663,59.2211,21.82,28,75,1.34,IR,1682704800
536,severo-yeniseyskiy,60.3725,93.0408,4.41,99,100,3.77,RU,1682704800
537,ghat,24.9647,10.1728,31.34,15,51,3.33,LY,1682704800
538,ciudad lazaro cardenas,17.9583,-102.2,27.83,60,1,4.48,MX,1682704800
539,emmett,43.8735,-116.4993,16.99,35,27,1.59,US,1682704800
540,wahpeton,46.2652,-96.6059,10.35,71,0,6.08,US,1682704800
541,micheweni,-4.9667,39.8333,24.16,93,100,4.96,TZ,1682704800
542,infantes,38.7367,-3.0122,29.45,26,100,8.02,ES,1682704800
543,angra do heroismo,38.65,-27.2167,17.84,80,40,9.23,PT,1682704800
544,ambon,-3.6954,128.1814,27.66,72,40,2.17,ID,1682704800
545,nikolayevsk-on-amure,53.1406,140.73,-4.9,97,100,0.88,RU,1682704800
546,tangalle,6.024,80.7911,26.23,83,80,1.06,LK,1682704800
547,bizhbulyak,53.6967,54.2642,13.61,65,6,3.01,RU,1682704800
548,dapa,9.7594,126.0531,27.01,83,64,1.56,PH,1682704800
549,spring creek,40.7266,-115.5859,15.33,35,45,0.28,US,1682704800
550,utete,-7.986,38.758,22.62,97,66,1.62,TZ,1682704800
551,manado,1.487,124.8455,25.07,94,40,1.34,ID,1682704800
552,indianola,41.3581,-93.5574,20.7,39,89,1.1,US,1682704800
553,tselinnoye,53.0833,85.6667,13.51,64,95,6.25,RU,1682704800
554,cauquenes,-35.9671,-72.3225,16.88,67,100,10.26,CL,1682704800
